{
  "results": [
    {
      "command": "cli-help",
      "mean": 0.40557091293,
      "stddev": 0.018781813902202953,
      "median": 0.41151447018,
      "user": 0.42145032499999996,
      "system": 0.13399416999999997,
      "min": 0.37759763668,
      "max": 0.42328288668,
      "times": [
        0.40131359568,
        0.41716542868,
        0.42274009468,
        0.42328288668,
        0.41855030368,
        0.37805384568000006,
        0.40586351168,
        0.37759763668
      ],
      "exit_codes": [
        0,
        0,
        0,
        0,
        0,
        0,
        0,
        0
      ]
    },
    {
      "command": "cli-list-json",
      "mean": 0.5635789439300001,
      "stddev": 0.05473799527627253,
      "median": 0.5486350951800001,
      "user": 0.550276825,
      "system": 0.181718045,
      "min": 0.50563092868,
      "max": 0.6883492196800001,
      "times": [
        0.54334955368,
        0.5807748446800001,
        0.55392063668,
        0.50563092868,
        0.53651046968,
        0.6883492196800001,
        0.54135730368,
        0.5587385946800001
      ],
      "exit_codes": [
        0,
        0,
        0,
        0,
        0,
        0,
        0,
        0
      ]
    },
    {
      "command": "cli-list-json-cold-index",
      "mean": 0.7319587043050001,
      "stddev": 0.11365595394028837,
      "median": 0.6839480116800001,
      "user": 0.6981367,
      "system": 0.23898566999999998,
      "min": 0.6079122196800001,
      "max": 0.97655763668,
      "times": [
        0.97655763668,
        0.7793263036800001,
        0.77428409468,
        0.6079122196800001,
        0.6796973456800001,
        0.67600388668,
        0.6736894696800001,
        0.6881986776800001
      ],
      "exit_codes": [
        0,
        0,
        0,
        0,
        0,
        0,
        0,
        0
      ]
    }
  ]
}
