{
  "results": [
    {
      "command": "cli-deps-json",
      "mean": 1.3060333759999998,
      "stddev": 0.2562551758647415,
      "median": 1.2116503714000002,
      "user": 1.0603355,
      "system": 0.47271273999999985,
      "min": 1.0458197474000002,
      "max": 1.8612287884,
      "times": [
        1.1599029974000001, 1.0458197474000002, 1.0754732884, 1.3214858304000001, 1.2247783294,
        1.8612287884, 1.6258091214000001, 1.1793631634000001, 1.3679500804, 1.1985224134
      ],
      "exit_codes": [0, 0, 0, 0, 0, 0, 0, 0, 0, 0]
    },
    {
      "command": "optimized-deps-rust-json",
      "mean": 1.5985182343000004,
      "stddev": 0.17689153998085483,
      "median": 1.5655403714,
      "user": 0.1051827,
      "system": 0.43853963999999984,
      "min": 1.3353428304000001,
      "max": 1.9573206214,
      "times": [
        1.3353428304000001, 1.5776902464000002, 1.9573206214, 1.6345684964000002, 1.8222507884,
        1.4570828304, 1.5305149974, 1.5898095804, 1.5272114554, 1.5533904964
      ],
      "exit_codes": [0, 0, 0, 0, 0, 0, 0, 0, 0, 0]
    },
    {
      "command": "optimized-deps-zig-json",
      "mean": 4.1456712758,
      "stddev": 0.7296498406928162,
      "median": 4.2107460594,
      "user": 0.2572254,
      "system": 0.6854967399999998,
      "min": 3.0235885793999997,
      "max": 5.2182120384,
      "times": [
        4.4543575384, 4.1167446634000004, 4.1599534134, 4.2615387054000005, 3.6183944543999997,
        4.3688469134000005, 5.2182120384, 3.0235885793999997, 5.1031655384, 3.1319109134
      ],
      "exit_codes": [0, 0, 0, 0, 0, 0, 0, 0, 0, 0]
    }
  ]
}
