{
  "results": [
    {
      "command": "cli-deps-json",
      "mean": 1.4868719915,
      "stddev": 0.21491711307824635,
      "median": 1.4717571118000001,
      "user": 1.16338548,
      "system": 0.5269995199999999,
      "min": 1.2328946752999999,
      "max": 1.9220662582999999,
      "times": [
        1.9220662582999999, 1.6213947583, 1.6018315913, 1.5392320493, 1.2350228003, 1.3163693413,
        1.6165406332999999, 1.2328946752999999, 1.3790856333, 1.4042821743
      ],
      "exit_codes": [0, 0, 0, 0, 0, 0, 0, 0, 0, 0]
    },
    {
      "command": "optimized-deps-rust-json",
      "mean": 0.009308620499999993,
      "stddev": 0.005137876273363707,
      "median": 0.01063029979999999,
      "user": 0.0014096799999999989,
      "system": 0.0038686200000000006,
      "min": 0.0013034662999999932,
      "max": 0.015905258299999996,
      "times": [
        0.0017549242999999916, 0.0013034662999999932, 0.0064328832999999905, 0.007031091299999993,
        0.011910591299999995, 0.011688924299999993, 0.01147250829999999, 0.009788091299999989,
        0.015905258299999996, 0.015798466299999994
      ],
      "exit_codes": [0, 0, 0, 0, 0, 0, 0, 0, 0, 0]
    },
    {
      "command": "optimized-deps-zig-json",
      "mean": 0.006935137399999994,
      "stddev": 0.004622787959605197,
      "median": 0.007311175299999993,
      "user": 0.001205279999999999,
      "system": 0.003471020000000001,
      "min": 0.0013735912999999905,
      "max": 0.016589175299999995,
      "times": [
        0.008867716299999995, 0.007713467299999992, 0.006908883299999995, 0.009005424299999995,
        0.0036445492999999905, 0.010019716299999995, 0.016589175299999995, 0.0035873422999999904,
        0.0016415082999999935, 0.0013735912999999905
      ],
      "exit_codes": [0, 0, 0, 0, 0, 0, 0, 0, 0, 0]
    }
  ]
}
