{
  "results": [
    {
      "command": "cli-deps-json",
      "mean": 1.5399504382800002,
      "stddev": 0.28203581181173826,
      "median": 1.49689492168,
      "user": 1.15293424,
      "system": 0.5563427599999999,
      "min": 1.2222124626800002,
      "max": 2.13292362968,
      "times": [
        1.33290371268, 1.2222124626800002, 1.34451346368, 1.45560175568, 1.76253517168,
        1.5839975466800003, 2.13292362968, 1.76053717168, 1.5381880876800003, 1.26609138068
      ],
      "exit_codes": [0, 0, 0, 0, 0, 0, 0, 0, 0, 0]
    },
    {
      "command": "optimized-deps-rust-json",
      "mean": 1.66390311338,
      "stddev": 0.19502350051846995,
      "median": 1.58398335918,
      "user": 0.10635944,
      "system": 0.47867336,
      "min": 1.5115417556800002,
      "max": 2.12538383868,
      "times": [
        1.5327730466800003, 1.54879492168, 1.7709264216800003, 1.5133935466800001, 1.57872704668,
        1.8312979626800001, 1.5115417556800002, 1.5892396716800001, 1.63695292168, 2.12538383868
      ],
      "exit_codes": [0, 0, 0, 0, 0, 0, 0, 0, 0, 0]
    },
    {
      "command": "optimized-deps-zig-json",
      "mean": 15.23954801328,
      "stddev": 2.7951038502090713,
      "median": 14.55720100468,
      "user": 0.29898124,
      "system": 0.9261048599999999,
      "min": 13.742660129679999,
      "max": 23.05258104668,
      "times": [
        15.00583346368, 13.742660129679999, 13.76389104668, 14.44488758768, 13.82024387968,
        14.66951442168, 13.96091650468, 15.11463704668, 14.82031500568, 23.05258104668
      ],
      "exit_codes": [0, 0, 0, 0, 0, 0, 0, 0, 0, 0]
    }
  ]
}
