{
  "results": [
    {
      "command": "cli-deps-json",
      "mean": 1.3829841683,
      "stddev": 0.26760829481552034,
      "median": 1.3193140388,
      "user": 1.0868964599999997,
      "system": 0.4837195,
      "min": 1.1143143928,
      "max": 2.0488283518,
      "times": [
        1.3232425598000002, 1.1865314768, 1.2478758928, 1.4284360188, 1.1972891438, 1.4245348518,
        1.1143143928, 1.3153855178, 2.0488283518, 1.5434034768
      ],
      "exit_codes": [0, 0, 0, 0, 0, 0, 0, 0, 0, 0]
    },
    {
      "command": "optimized-deps-rust-json",
      "mean": 0.5141158060000001,
      "stddev": 0.044309485234817855,
      "median": 0.5044623728000001,
      "user": 0.026946359999999996,
      "system": 0.0384814,
      "min": 0.4582973938,
      "max": 0.6222086848,
      "times": [
        0.5359954348000001, 0.4582973938, 0.5328733938000001, 0.5008377268, 0.4784890188,
        0.5052957688, 0.5036289768000001, 0.4946504348, 0.6222086848, 0.5088812268
      ],
      "exit_codes": [0, 0, 0, 0, 0, 0, 0, 0, 0, 0]
    },
    {
      "command": "optimized-deps-zig-json",
      "mean": 0.4985703601,
      "stddev": 0.02529427747587316,
      "median": 0.4963123518,
      "user": 0.033753160000000004,
      "system": 0.044328,
      "min": 0.4517178518,
      "max": 0.5541956848,
      "times": [
        0.5009711428000001, 0.4846420178, 0.5116066438000001, 0.4945428938, 0.4947435598,
        0.4978811438, 0.5541956848, 0.4517178518, 0.4919431858, 0.5034594768
      ],
      "exit_codes": [0, 0, 0, 0, 0, 0, 0, 0, 0, 0]
    }
  ]
}
